reviewer_name,rating,review_text
Aan Dermawan,1,"Pelayanan kurang, tidak ada bawang goreng sama daun bawang, es jeruk habis, sampai pengunjung yg baru datang ngecap lidah nya sampai bunyi krn pas datang ndada bawang goreng sama daun bawangnya, dulu pernahma bilang kalau terakhir mka makan krn ndk worth it rasanya, kembalika saya kira ada perubahan ternyata masih sama bahkan lebih buruk, liat org2 review jg trnyaya sama, bnyk yg kecewa, kata tukang parkirnya samaji ini paraikatte yg di pettarani sm hertasning, tapi knapa yg di perintis ini kureng skali"
Aal Wulan,1,"KECEWA KI!!!
Kesini karena baca ulasannya orang2 katanya cotonya enak dan pelayanannya bagus, ternyata untuk pengalaman sy berbeda dan agak kecewa dengan tempat ini, tidak bermaksud menjatuhkan tapi inilah pengalaman yg sy rasakan sendiri.

Bungkus dua coto porsi besar untuk di makan di rumah bersama keluarga tapi yg dirasakan pada saat makan tidak sesuai ekspektasi. Kuahnya memang kental dan gurih namun dagingnya kurang bersih masih ada kulit dan bulu sapinya menempel di daging yg di sajikan (bukti lihat di foto yg sy bagikan)dan jg tidak ada daun bawang di cotonya.

Pelayannya ramah namun tidak sesuai instruksi,
sy bertanya pada pelayan : bisa di bungkuskan bawang goreng dan daun bawang untuk tambahananya?
Pelayan : Bisa kak nanti kami bungkuskan.
Dan saya percaya bahwa pelayannya sudah bungkuskan, tapi ternyata pada saat di rumah untuk di sajikan dan kami mau makan tidak ada tambahan bawang goreng dan daun bawang yg sy minta di bungkuskan. Sy merasa kesal dan tertipu oleh pelayannya.

Saran sy semoga untuk kedepannya bisa lebih teliti lagi dan lebih diperhatikan lagi soal kebersihan pengolahan makanannya agar tidak terdapat daging yg tidak bersih seperti yg sy dapatkan. Dan untuk pelayannya lebih fokus lagi atau kalau perlu di cek kembali pesanan yg di minta pelanggan sudah sesuai atau belum agar tidak terjadi sprti hal yg sy rasakan.

Sy berharap ini bisa jadi perhatian untuk ownernya sy yakin kalau hal2 kecil ini tidak diperhatikan lama2 akan menjadi besar dan akan merugikan rumah makannya sendiri kalau pelanggan yg dtng makan banyak yg kecewa dan mengeluh sehingga tidak mau kembali berkunjung untuk makan di tempat ini.

Semoga kedepannya bisa lebih baik untuk sy pribadi dan kita semua terimakasih!!"
Aryunnisaa,4,"Rasanya yg paling cocok di lidah, minimal tiap 1-2 minggu sekali pasti ke sini.

Saran saja, mungkin bisa kipasnya digantung saja di tembok supaya tdk diputar sendiri sm pelanggan utk menghadap ke mejanya sendiri.. Kasian pelanggan lain akhirnya kepanasan ï¿½ï¿½ï¿½ï¿"
Arnita Y. Sologi,4,"Coto Paraikate memang pantas disebut salah satu kuliner legendaris di Makassar. Kuahnya kental, gurih, dan kaya rempah khas Bugis-Makassar. Dagingnya empuk, porsinya pas, dan bisa pilih campuran sesuai seleraï¿½ï¿½ï¿½mulai dari daging sampai jeroan. Apalagi kalau dinikmati dengan buras, rasanya makin mantap dan bikin kenyang.

Tempatnya cukup luas, suasana ramai tapi pelayanan tetap cepat. Harganya juga sebanding dengan rasa dan popularitasnya.

ï¿½ï¿½ï¿½ Testimoni pribadi: waktu saya makan di sini, sensasinya benar-benar beda. Begitu sendok pertama masuk, langsung terasa nikmat kuahnya yang hangat berpadu dengan daging empuk. Tidak heran kalau banyak orang bilang belum sah ke Makassar kalau belum coba Coto Paraikateï¿½ï¿½ï¿½dan setelah mencicipi sen"
Sung Go Kong,5,"Kemarin pesan coto + 3 ketupat + 2 air gelas total 30.000, pelayanan standar, parkiran luas, tempat luas dan nyaman cuma kurang kipas angin, coto dan ketupatnya mantap."
Nurul Fadhilah IA,4,#NAME?
Amalia Indah,4,"Pelayanan sudah bagus, coto nya? Sudah pasti enak banget, waktu saya datang langsung disamperin sama pegawai nya dengan ramah, saya suka sekali pelayanan yang seperti itu, dan juga untuk makan di tempat, meja nya sudah bersih, dan saya lihat setiap orang selesai makan langsung dibersihkan, sudah sangat improve kebersihannya, tetapi ada 1 hal lagi area tempat makannya bisa direnovasi lagi, seperti atap, pencahayaan, dan juga saya masih lihat ada tumpukan beberapa besi di ruang makan, mungkin itu bisa dipindahkan untuk kebersihan area tempat makan pengunjung, mungkin itu saja yang bisa saya review sekian dan terima kasih"
Matt Azmar,4,"Cotonya lumayan enak... dengan dua pilihan porsi besar Rp.18.000 atau porsi kecil Rp. 13.000. Tp sayangnya ukuran ketupatnya sangat kecil kira2 seukuran 4 kali sendok makan. Tempatnya agak sedikit jorok, tidak tertata dan agak berantakan. Adanya di pinggir jalan Perintis Kemerdekaan."
munawir syam,4,"Cotonya enak dengan kuah yang kental, tempat dan parkiran luas, pelayan cepat tanggap, harga terjangkau, tempat bersih. Recomended untuk tempat makan coto.

Ada musholla yang disiapkan di depan warung berupa gazebo kecil, mantaplah."
Ridha AmalAfdhy,3,Coto terenak yang pernah saya makan. Kuahnya kental dan berkarakter. Hanya saja kebersihan tempatnya kurang terjaga dan ada tikus yang berseliweran di dalam area rumah makan.
Channel Ettapedia,3,"Menu khas Makassar, Coto Paraikatte Perintis, berada di jalan perintis kemerdekaan kota Makassar, menyajikan makanan berbahan daging dengan kuah yg kaya rempah-rempah. Nikmat ditemani ketupat, tempatnya cukup luas dan harganya pun murah, hanya 18 ribu per porsi."
Hamsyadi H. TUTU,4,"Makanan yang satu ini sangat mengasyikkan dgn bumbu yang luar bisa sehingga memakannya begitu menikmatinya di tambah ketupatnya yang lembut dan enak, asyiik berada di tempat ini..."
Ala Bariklana,5,"Termasuk coto andalan di makassar,  enak ada porsi besar ada porsi kecil.  Porsi besarnya 18.000 porsi kecilnya 12.000, tapi khas paraikatte, kuah cotonya mantap,  bumbunya mantap,  tempatnya juga nyaman,  sayang agak panas karena pake kipas angin,  tapi tertutupi enaknya coto nya"
Dimas Prakoso,5,"Suka sama coto paraikatte perintis. Bawang gorengnya gratis, parunya digoreng terlebih dahulu, dan bumbunya terasa kental.

Suka mampir kesini malam-malam pada saat perjalanan pulang.

Tadi lihat katanya ada paket hemat coto 12ribu"
irsyam,2,"Rasa cotonya biasa aja, jauh lebih enak coto paraikatte yg di jl. Pettarani.
Yg jadi pertanyaan apakah warung coto ini benar cabang coto paraikatte yg di pettarani ??

Terus sudah beberapa kali kesini pesan daging-paru tp parunya tidak pernah ada....
Dan satu lagi tempatnya agak jorok..."
M. Dandy,3,"Kuahnya biasa aja, bahkan agak hambar.

Ga tahu kalau ternyata ada porsi besar. Ga sempat ngecek menu, soalnya kecil juga papan menunya. Pelayan yang datang saat nanyain pesanan pun ga nawarin ""mau porsi besar atau kecil?"" Ujug2 dateng mangkok gede. Kalau kuahnya nikmat dan gurih sih, oke2 aja dengan porsi mangkok gede. Kalau hambar, aduuuuh... jadi mubadzir kan gak habis ï¿½ï"
yanles 11,5,Satubkata saja...sedaaapp... yg ke makasar...kalo ga kesini.. ga sah loh... cobain deh...daging banyak... mantab.. di makan pake lontong dan buras..makin ok... ada entertain nya... yg nyanyi nambah suasana ok.. mantab lah..
Muhammad Sulhi,4,"Salah satu tempat makan coto favorit di Makassar. Dagingnya empuk, kuah cotonya gurih apalagi pake tambahan bawang goreng. Selain ketupat, juga disediakan buras, kerupuk untuk pelengkap. Tempat luas dan bersih. Mantul!!"
Alif Septian Budhi,4,"Lokasi di jalan perintis dekat pertamina, harga coto 18K, ketupat 1K dan lainnya. Disini pilihannya komplit, enak, beda sama coto2 sebelah sana. Tempatnya pun luas, jdi ngga harus antri nunggu tmpt utk makan disini"
SRL,4,Kuahnya berempah. Dimasak masih menggunakan kayu bakar. Lokasinya strategis. Untuk tempat parkiran memang masih dirasa kecil.
GIF GIF,1,"Harga yang tertera di spanduk 12rb, tapi pas bayar jadi bayar lah ko 22rb perporsi, mana tidak ada daftar menu yang di berikan, mungkin kalau ada penyampaian Masi masuk akal ini engga ada, tolong kalau bisa kasi Lis menu nya biar jelas harganya atau paling tidak ada penyampaian kalau ada perbedaan harga"
AZWAR HASLIP,2,"Rasa cotonya lumayan enak, cuman kebersihan yang kurang dan tempat nya sangat panas karena kipas anginnya rusak semua, saran jangan makan pas lg panas matahari"
Sudirman,4,"salah satu tempat coto yang enak di makassar, sekaranhh tempatnyA sudah luas jadi makan rame rame lebih asik"
NUR IRVANSYAH (NUI),5,"Bagi yg ingin menikmati Coto khas makassar. Disinlah tempatnya.
Resa enak, daging n kuah nya mantap.
Semua dimasak didalam tungku dan kayu bakar.
Terlabih lagi dengan pengamennya. Suaranya keren dan menghibur...
Coto paraikatte mudah di temukan karna berada di pinggir jalan poros makassar. Parkiran lumayan luas n nyaman.
Pokoknya TOP deh Cotonya. ï¿½ï¿½ï¿½ï¿½ï¿½ï¿½ï¿½ï¿½ï¿½ï"
Solita Siregar,3,"Rasa nya kurang asin, porsi mengenyangkan, harga juga tidak mahal. Lokasi tepat di pinggir jalan. Selain ketupat juga ada buras untuk pendamping makan coto"
Syifa Fayzana,5,"enaak bgt! live musicnya jg ada, mejanya ada yg untuk 2 org jadi ga makan tempat & feels more private krn tempatnya nyaman untuk berdua gituuï¿½ï"
Nurman Riyadi Rahman,5,"Cotonya enak, kuahnya gurih. Porsinya kecil tapi rasa sedang, porsinya besar tapi rasa jumbo. Mantap lah buat mengisi perut di pagi hari."
Fatim,4,"Salah satu tempat favoritnya suami kalau makan Coto. Porsinya lebih banyak, kuahnya kental, rasanya pas. Harganya Rp 22.000 per porsi dan betul-betul puas kalau makan di sini. Sambalnya juga pas rasanya, pelayanannya cepat dan karyawannya ramah."
Andhy Bilal,3,"Dari segi rasa biasa saja,, tempat makan luas"
Asri,4,"Cotonya enak, warung Coto yg sudah terkenal di Makassar & sudah punya cabang, tempatnya juga mudah ditemukan."
fathan al farizi,5,Tempat yang luar biasa ada pengamen yang suaranya merdu. Kuahnya juga enak kental dan tidak ada duanya
real beautycare,1,"makan coto disini, saya pesan daging to' tapi betul2 cuma kuah saya dikasi, daging cuma 2 itupun potongan sangat kecil, saya protes tapi katanya begitu ji memang, beda sekali sama yg di pettarani, nda bakal saya kembali kesiniï¿½ï¿½ï¿½ï¿½ï¿½ï¿½ï¿½ï¿½ï¿½ï¿½ï¿½ï¿½ï¿½ï¿½ï¿½ï¿½ï¿½ï¿½ï¿½ï¿½ seandainya "
Jumadil Akbar A R,4,"Salah satu tempat makan coto terbaik di Makassar,  ada live musiknya juga"
hendry suryono,4,"Kuah coto nya kental, gurih; dagingnya lembut"
Abdul Aziz Alhakim,5,"Pertama kesini, karena transit dan seperti biasa cari makan khas daerah yg rekomended [cotto makassar]ï¿½ï¿½ï¿½ï¿½
Kebetulan ada tmn di maros-makassar,jd di ajak jalan bisa singgah disini

Rekomended Cotto Makassar Porsi Jumboï¿½ï¿½ï¿½ï¿½ï¿½ï¿½ï¿½ï¿½ï¿½ï¿½ï¿½ï¿½
Ketupatnya di hitung ya, ï¿½ï¿½ï¿½ï¿½murah cuma seri"
Ety Agusto,3,"Cotonya lumayan enak dengan harga standar. Pelayanan cukup baik. Cuma wc untuk pelanggan kurang diperhatikan kebersihannya. Dan satu lagi, layanan pbayaram via QRIS-nya sudah tidak ada lagi."
"Sari wahyuni Tamrin,ST",2,"Cotonya gak enak,kuah nya gak kental lebih mirip kuah sop saudara, rasanya banyak berubah, saya pernah makan beberapa tahun lalu, kualitasnya menurun drastis, d kasi potongan pipih kek remahan padahal harga cotonya seporsi 22 ribu, mana tukang parkir udah ready d depan yg tdk lain adalah karyawan tokonya sendiri yg bertugas sebagai kang parkir, kendaraan kelihatan kok dr dalam dan kondisi parkirannya sepi, jgn lah pake kang parkir mana harga coto mahal plus gak se enak dulu lagi"
Nur fatonah Roidi,2,"Ga ada hospitality.karyawan kumal melayani tmu celana pndek sperti belum mandi di tanya diam..gak ramah satunya lgi yg buat minuman malah terlihat over act didepan tamu berlari ga karuan.rambut kucel yg lainnya sibuk main hape ,yg cewek pake hijab makan kaki diatas ..bad atittude.ruang makan brantakan .perbaiki lagi service training karyawanny baik baik beri arahan..makanan enak tp suasana ga nyaman service zonk..buat ap..cukup sekali ke sini..gak lagi !"
F Falah,5,"Coto 3 besar kota makassar menurut ku, rasa enak gurih, ada burasa nya yg manis, dan ketupat. Coto tersedia porsi besar dan kecil, pokonya puas"
Muhammad alief diva setiawan,5,Tempat makan yg asik..aroma khas coto yg nikmat ....aroma asli makassar ..dri smnjak berdiri smpai sekarang msi maknyus...
Nehemia La'lang Katik,4,"Samping STIMI, Parkir terbatas, coto enak, tempat selalu ramai, kamar mandi kotor."
andi asryadi Pratama,1,"WCnya kotor sekali. Pas buka baknya. Full dengan tai dan saya sempat memegang kotorannya, sehingga sdh tidak mood makan cotonya. Cotonya lumayan mahal tapi kebersihan pelayanan mengecewakan. Selanjutnya, pelayannya duduk diposisi pas depan kipas, sedangkan kami pembelinya tidak diperioritaskan, sehingga cukup panas. Sepertinya ini terakhir sy kesini. Parahnya saya sudah tanya ke karyawan dan kasirnya. Sumpah tdk ada kata prrmintaan maaf dari mereka... mengecewakan.."
Gelmani Barata (gelmani25),5,"cotonya enak, layanannya cepat, tempatnya juga bersih dan nyaman. Harganya juga lumayan, sesuailah dengan porsinya. Makan satu mangkok coto dan dua buah ketupat sudah bisa buat saya kenyang, hahaha"
Amran AD,1,"Ada pelayannya yang tidak ramah dan sok cantik

Tolong perbaiki pelayanannya terutama karyawannya yg urus2 kecap

Mungkin dia owner atau keluarga owner?"
Kise Ryouta,2,"5 tahun lalu saya datang ke sini masih enak. Porsi pas. Sekarang 2025, aduh entah karna saya datang jam 10 malam jadi daging yang dikasih ke saya sedikit banget. Padahal porsinya besar."
Faisal Adi pradana,4,"Cotonya kurang begitu terasa. Untuk warungnya karna pake bakar kayu, asapnya masuk.
Untuk luasnya lumayan jadi cukup"
Achoen Kaka,5,Untuk pertama kali merasakan coto makasar dan Alhamdulillah dapat yang mantap rasanya. Dagingnya empuk banget. Murah lagi...
Maria Josephine Wijiastuti,5,"Coto daging nya lembut banget, tempat bersih. Ajiiib."
listianto yulius,5,"Enak, porsi besar harga ekonomis, space luas, pelayanan cepat dan ramah."
joko riyadi,5,"Lokasi strategis, makanannya lezat, live music tersedia. Protokol kesehatan diterapkan. Nice."
Juwandi Juwandi,5,Makanan enak murah. suasana B aja. pelayanan cepat.
Ivana Jingga,5,"Tiap ke makassar selalu makan disini, uda paling mantaplah daging dan parunya"
Candra Galuh,4,"Makan coto nya enak, dagingnya empuk, tempatnya luas, ada tempat parkir"
Adibah Yunisya,5,"Cotonya enak, es jeruknya juga enak, harga cukup terjangkau."
Gabriel Clinton Male,4,"Kuah kaya rempah, daging yang digunakan juga baik namun ketupat cenderung keras"
Sanjaya Pinem,5,"Cukup enak bahkan untuk mulut saya yang ""medan"" ini.
Lokasi yang dekat dengan pasar utama memudahkan untuk diakses."
Jo Jo,2,"Kuah Coto gak kental alias hambar...ukuran porsi jumbo sudah banyak dagingnya harga pas cukup terjangkau dan tolong perhatikan kebersihan tempatnya...mangkuk tempat bekas orang makan gak langsung dibersihkan
Pagi pagi kesana liat lantainya disudut banyak kotoran mouse dan lantai kurang bersih banyak sisa sisa ketupat lengket ....makan disini bgus asal tempatnya dibersihkan terutama lantai"
Ghamal Wahab,3,"Hujan, ketemu coto kuah kental tambah ketupat panas. Nyaman na karaeng ï¿½ï¿½ï¿½ï¿½ Kuah kental, daging em"
Leon Alexander,2,"Makanan b aja layanan juga tapi tempatnya kurang bet, panas padahal ada kipas tapi jgk di kasi nyala ada tikus besar botak lagi untung langsung gw usir"
Ditha Sabrina,4,"Cotonya enak langganan sejak jaman kuliah, tp minumannya lama"
icha lintin,5,"Tempatnya nyaman, makanan yang enak dan ada live musiknya"
mas daeng,5,"Memasaknya menggunakan bahan bakar dr kayu alami,, khas rasanya"
Ulfah Mahfufah,1,"Sebenarnya suka dgn coto paraikatte apalgi yg di pettarani tp cabang perintis ini sgt berbeda jauh dri segi pelayanannya. Tanya ada es batu katanya ada, sdh minta es batu (niatnya mau diksh sama teh botol) tp tdk kunjung datang sampai coto sdh habis dimakan. Pelayan yg tmpt sy minta es batu pun cuma duduk manis. Pas dtg juga mejanya kotor dan lengket sprti tdk di lap. Setelah sy lap pkai tisu dan mau cuci tangan, air di westafelnya tidak menyala. Sungguh pengalaman yg sgt buruk"
advendy saputra,4,"Makanan enak, buka sampai malam."
Andi Yusniar,1,"coto nya dijam 12 malam sudah mulai hambar, bukan lagi kuah coto, tapi kuah sotoï¿½ï¿½ï¿½ï¿½ï¿½ï¿½ï¿½ï¿½ï¿½ï¿½ï¿½ï¿½ï¿½ï¿½ï¿½ï¿½ p"
Dewi Nursady,5,"Coto nya enak, pelayanannya baik, dan tempatnya cukup bersih"
Jendral Sudirman,5,"Masakan yang khas yang masih Original , diolah dgn cara tradisionil, enak dan bergizi."
Amil R,1,"Rasa cotonya sudah jauh beda dengan dulu, pesan porsi besar juga dagingnya kayak sedikit dan potongan kecil. Pembayaran juga cuman menerima tunai, tidak menerima QRIS."
Hendrawan Candra Purnama,4,"Coto Makassar yang nikmat. Minuman kurang usaha..hanya ada dingin dan normal, tidak ada yang hangat saat malam Hari."
nisma yani,1,WCnya rusak dan tidak ada informasinya... sehingga pas masuk WC di baknya full kotoran... Sebaiknya kedepannya dibersihkan demi kenyamanan pembeli.
Muhammad Hamzah,5,Salah satu tempat makan favorit di Makassar. Lokasi strategis tepi jalan Poros Makassar Maros
Irfan,5,"Coto paling enak menurut saya dibanding yang lain, bumbunya pekat, bisa tambah daun bawang dan bawang goreng. Gooooddd. Tersedia mini maupun yg besar cotonya"
Surya Hari putra,5,"Favorit deh khususnya coto ukuran besarnya. Dengan harga 18 ribu udah kenyang diriku makan dengan ketupat 2 ribuan. Tempatnya cukup bersih meski parkir bayar dan sayangnya belum ada atap di tempat parkirnya.

Selalu ramai pengunjung bahkan tempat parkirnya juga rame.

Bumbu cotonya enaklah dan ukuran ketupatnya besar sesuai harga deh"
toke sang,3,Emang dari dulu terkenal tapi setelah keliling sekitar Perintis dan Urip sy tau mana rasa daging impor dan daging lokal. Tempat ini bisa sy pastikan semua impor krn rasanya terlalu lain utk isiannya. Utk kuah dan lainnya enak hanya emang daging dan isi lainnya full impor jd seperti ada pahitï¿½ï¿½nya. Kalo di suruh pilih dgn Dg Tata yg di Batua sgt terasa beda rasa dan tekstur dagin
Adri Rahmat Ilyas,1,"Pelayanan kurang baik, minta es  batu gak di kasih"
Dr. Ir. Louis S Ridwan MPsi,5,Rasanya pas & mantul.. apalagi daging nya empuk banget
Yusvita Sulhadri,5,"Makananx enak, layanan cepat, suasana biasa saja. Sekedar info saja, klo bawa tas ransel jgn simpan dalam mobil, trus parkir mobil sebaiknya di depan rmh makannya,,,, coz pernah mkn disini, abis makan balik ke mobil, eh kaca mobilx sdh hancur, tas ransel udah Ng ada."
Feeka Fitriani,3,"Saya datang waktu hari Minggu jam empat sore. Bersama orang tua. Orang tua makan coto campur dan saya makan coto paru. Baru kali ini makan coto dapat paru yang gosong. Kuahnya lumayan nikmat.. Warungnya luas..
Pelayannya kurang ramah mungkin krn sudah lelah.
Semoga kunjungan dilain waktu sudah tidak begitu lagi.."
Nicky Langï¿,3,Tdk sesuai ekspektasiku ahahah ï¿½ï¿½ï¿½ï¿½. Sorry tpi kurang enak menurutku. Masih banyak vlcoto pinggir jalan lainnya yg lebih enak. Enakan yg depan pintu 1 sih ï¿½ï¿½ï¿½ï¿½. Porsi besar 20rb
diana muchsin,5,"1. Parkir cukup luas
2. Tempat cukup bersih
3. Porsi lbh banyak dr coto pada umumnya
4. Daging empuk dg cita rasa khas
5. Bawang gorenh extra jg banyak
6. Pelayanan cukup baik
7. Ruangan tanpa ac, tp atap tinggi dan banyak ventilasi shg cukup lapang."
Muhammadiyah Yunus,3,"Ini adalah warung Coto Makassar yang cukup populer, dengan ruang makan yang khas warung Coto, begitu masuk bisa langsung order Coto sesuai selera, bagi yang suka makan hati dan jeroan lainnya bisa minta coto campur daging, atau yang mau hati saja, atau jeroan saja atau otak, dan lain lain. Makan Coto lebih pas kalau dengan ketupat, cara makannya pun, ketupat di tangan kiri, lalu dibelah jadi dua bagian dan ketupatnya disendok bersama kuah Coto atau dengan dagingy sekaligus, jangan lupa tambahkan dengan jeruk nipis supaya lebih terasa asam asamnya, serta Lombok tauco yang dibuat dari kedelai ampas kecap... Pokoknya sedap ... Dan rasa mau nambah"
Wahyu Eka Putra Gani,5,"Cabang dari Coto Paraikatte di Pettarani, Coto dan ketupatnya enak dan masih tergolong murah saat ini, parkiran cukup untuk beberapa mobil dan motor, pelayanan baik, kadang ada hiburan musik oleh penyanyi/pengamen tetap."
Kiki Rizki Lestari,5,"Enak, murah, tapi gak murahan, searah dgn arah bandara."
Yudith Lukas,4,"Kurang bersih toiletnya... sy pernah liat di depan mata, buka bawang merah lgsg dikupas dan pakai alat pemotongan tanpa dicuci terlebih dahulu...
Berharap kebersihan toilet dan makananx benar2 bersih dan aman agar pembeli jg gak was2"
Ancha Alf,5,"Cotonya enak dan segar, porsi besar nya luar biasa banyak porsinya, suasananya nyaman plus dihibur sama pengamen yg keren suaranya, kaya pro banget pengamen nya.. cuman klo hujan agak sedikit bocor di beberapa tempat.. menu andalan ku paru hati/ separuh hati ï¿½ï"
kuratorcoto,5,"Coto paraikate memiliki citarasa tersendiri, salah satu jajaran coto terbaik di Makassar yang telah memiliki banyak cabang, silahkan mencoba sensasi makan coto disini, uniknya ada porsi kecil/setengah disediakan secara tertulis di menu yang ditampilkan di tempat ini"
Iwan Thim,1,"Dulubsering kesini tp,to skg tempatnya kotor dan Banyak sekali lalat,jd risih ng nikmat makan semoga ownernya membaca keluhan konsumen supaya lbh baik lagi"
choco berry channel,1,"Jorok banyak lalat tdkada niat pelayan kasi lilin biar lalatnya pergi,panas disuruh nyalain kipas ktanya kipas rusak masa iya semua kipas rusak,kasirnya jutek dan tdk ramah"
Muhammad Bayu Setiono,5,"Coto nya mantap, hanya saja kurang pilihan jenis daging, saya datang jam 10 pagi, tidak ada paru
Tapi rasa tidak usah diragukan
Pelayanan cukup cepat hanya saja mungkin perlu lebih senyum lagi hehe
Pilihan porsi nya ada yg kecil & besar, menandakan bahwa mereka memperhatikan pola pesanan pelanggan, ada yg porsi sedikit tapi ada juga yg butuh porsi besar, nice
Kebersihan perlu diperbaiki lagi"
Abdul Malik Rusman,4,"Sedikit ada perubahan rasa dibandingkan terakhir saya makan tahun 2019 lalu, tapi secara keseluruhan masih cukup enak kok. Untuk tempatnya sekarang jauh lebih bersih."
Andi Erny Ikmar,5,"Pelayanan kurang bagus ketika datang seorang diri, bahkan tawaran untuk minum pun tidak, sehingga saya tidak minum,  jadi habis makan saya langsung memilih untuk keluar. padahal saya makan disana juga bayar bukan makan gratis, saya perhatikan disekeliling saya begitu ramah dilayani karena mereka datangnya bareng keluarga atau teman. Saran saya datang seorang diri atau bersama teman itu pelayanan hrs disamakan karena sama sama pembeli dan sama sama membayar"
harry sulikumala,5,Enak rekomended tapi kalau bisa kurangi sedikit ketumbar soalnya saya jantungan sehingga memicu batuk kejadian saya makan batuk batuk malu di lihatin orang..soal rasa dan banyak uuuum tidak rugi kalau ke sini apa lagi kalau habis bergadang putar slot.... menambah tenaga...
Rahmat Setiawan,5,"Coto yg mantab. Ada dua pilihan, porsi besar harga 18rb dan porsi standar hrg 12rb. Itu belum termasuk ketupat dan minuman. Ketupat 1rb/buah."
fadhlan furqani,4,"Saya personal sudah beberapa kali datang kesini

Tempat nya cukup nyaman dan bersih, tempat parkirnya cukup besar dan gampang dapat untuk parkiran kosong

Makanannya cukup enak dan penyajiannya cukup cepat

Tempatnya indoor tak ber ac tapi tidak banyak nyamuk, dan aroma di tempat makannya pun terjaga

Mejanya makannya cukup besar untuk dipakai makan bersama, tersedia juga ukuran kecil yang bisa digunakan hanya untuk sendiri ataupun berdua"
Dilah Alhamid,5,Baru pertama ke Makasar langsung cus makan Coto disini. Enak cotonya ada porsi kecil dan besar harganya tdk smpai 20 ribu untuk Coto besar dan Coto kecilnya tdk smpai 15 ribu. Peyeknya jg maknyuss ï¿½ï¿½ï¿½ï¿½
Dony Saputra,5,"Waktu kesana ada live musiknya, tempat lumayan luas. Tapi sepertinya susah untuk parkir mobil di jam rame, karena parkir di pinggir jalan, tidak ada lahan parkir sendiri"
Hasrul Gassing,4,"Lumayan enak, potongan daging banyak dan besar. salah satu pilihan kuliner di jalan perintis. tempat bersih dan sudah direnovasi jadi lebih bagus ï¿½ï¿½ï¿½ï¿½"
Muhammad Zul Abrar,2,"Potongan daging nya makin kecil sekali,."
Ahmad Zuhudy,5,Salah satu tempat makan coto terenak di Makassar.
Sri Wahyuningsih Ahmad,3,Mantab. Lumayanlah ganjal perut hahaha
